{
    "loss": 5.797430515289307,
    "step": 2773,
    "epoch_accuracy": 0.00666426494717598,
    "best_accuracy": 0.00666426494717598
}
